[{"model": "admin.logentry", "pk": 1, "fields": {"action_time": "2021-01-19T19:45:10.477", "user": 1, "content_type": 4, "object_id": "2", "object_repr": "operator_shlifovka", "action_flag": 1, "change_message": "[{\"added\": {}}]"}}, {"model": "admin.logentry", "pk": 2, "fields": {"action_time": "2021-01-19T19:45:30.083", "user": 1, "content_type": 4, "object_id": "2", "object_repr": "operator_shlifovka", "action_flag": 2, "change_message": "[]"}}, {"model": "admin.logentry", "pk": 3, "fields": {"action_time": "2021-01-19T19:45:42.468", "user": 1, "content_type": 4, "object_id": "2", "object_repr": "operator_shlifovka", "action_flag": 2, "change_message": "[{\"changed\": {\"fields\": [\"Staff status\"]}}]"}}, {"model": "admin.logentry", "pk": 4, "fields": {"action_time": "2021-01-24T15:22:04.295", "user": 1, "content_type": 4, "object_id": "2", "object_repr": "operator_shlifovka", "action_flag": 3, "change_message": ""}}, {"model": "admin.logentry", "pk": 5, "fields": {"action_time": "2021-01-24T15:46:58.508", "user": 1, "content_type": 7, "object_id": "1", "object_repr": "Customer object (1)", "action_flag": 1, "change_message": "[{\"added\": {}}]"}}, {"model": "admin.logentry", "pk": 6, "fields": {"action_time": "2021-01-24T16:10:55.276", "user": 1, "content_type": 8, "object_id": "2", "object_repr": "Дмитрачков А.Ю.", "action_flag": 1, "change_message": "[{\"added\": {}}]"}}, {"model": "admin.logentry", "pk": 7, "fields": {"action_time": "2021-01-24T16:11:30.128", "user": 1, "content_type": 8, "object_id": "3", "object_repr": "Грибовский А.В.", "action_flag": 1, "change_message": "[{\"added\": {}}]"}}, {"model": "admin.logentry", "pk": 8, "fields": {"action_time": "2021-01-24T16:13:33.511", "user": 1, "content_type": 8, "object_id": "5", "object_repr": "Подребинкин", "action_flag": 1, "change_message": "[{\"added\": {}}]"}}, {"model": "admin.logentry", "pk": 9, "fields": {"action_time": "2021-01-24T16:25:22.774", "user": 1, "content_type": 8, "object_id": "5", "object_repr": "Подребинкин", "action_flag": 3, "change_message": ""}}, {"model": "admin.logentry", "pk": 10, "fields": {"action_time": "2021-01-28T18:29:26.141", "user": 1, "content_type": 10, "object_id": "3", "object_repr": "12", "action_flag": 1, "change_message": "[{\"added\": {}}]"}}, {"model": "admin.logentry", "pk": 11, "fields": {"action_time": "2021-01-28T18:36:06.963", "user": 1, "content_type": 10, "object_id": "5", "object_repr": "16", "action_flag": 1, "change_message": "[{\"added\": {}}]"}}, {"model": "admin.logentry", "pk": 12, "fields": {"action_time": "2021-01-28T18:42:47.816", "user": 1, "content_type": 10, "object_id": "6", "object_repr": "19", "action_flag": 1, "change_message": "[{\"added\": {}}]"}}, {"model": "admin.logentry", "pk": 13, "fields": {"action_time": "2021-02-15T11:12:02.345", "user": 1, "content_type": 4, "object_id": "7", "object_repr": "asd123", "action_flag": 3, "change_message": ""}}, {"model": "admin.logentry", "pk": 14, "fields": {"action_time": "2021-02-15T11:12:02.358", "user": 1, "content_type": 4, "object_id": "5", "object_repr": "asdfg", "action_flag": 3, "change_message": ""}}, {"model": "admin.logentry", "pk": 15, "fields": {"action_time": "2021-02-15T11:12:02.360", "user": 1, "content_type": 4, "object_id": "6", "object_repr": "asdfgasdasdfasfadsf", "action_flag": 3, "change_message": ""}}, {"model": "admin.logentry", "pk": 16, "fields": {"action_time": "2021-02-15T11:12:02.362", "user": 1, "content_type": 4, "object_id": "4", "object_repr": "qwerty", "action_flag": 3, "change_message": ""}}, {"model": "admin.logentry", "pk": 17, "fields": {"action_time": "2021-02-15T11:12:02.364", "user": 1, "content_type": 4, "object_id": "3", "object_repr": "user", "action_flag": 3, "change_message": ""}}, {"model": "admin.logentry", "pk": 18, "fields": {"action_time": "2021-02-15T11:19:20.932", "user": 1, "content_type": 4, "object_id": "10", "object_repr": "123456789asd", "action_flag": 3, "change_message": ""}}, {"model": "admin.logentry", "pk": 19, "fields": {"action_time": "2021-02-15T11:19:20.939", "user": 1, "content_type": 4, "object_id": "9", "object_repr": "asd1233455", "action_flag": 3, "change_message": ""}}, {"model": "admin.logentry", "pk": 20, "fields": {"action_time": "2021-02-15T13:53:40.223", "user": 1, "content_type": 4, "object_id": "8", "object_repr": "asd123", "action_flag": 3, "change_message": ""}}, {"model": "admin.logentry", "pk": 21, "fields": {"action_time": "2021-02-15T13:53:40.228", "user": 1, "content_type": 4, "object_id": "11", "object_repr": "user123", "action_flag": 3, "change_message": ""}}, {"model": "admin.logentry", "pk": 22, "fields": {"action_time": "2021-02-15T14:49:35.282", "user": 1, "content_type": 4, "object_id": "13", "object_repr": "user", "action_flag": 3, "change_message": ""}}, {"model": "admin.logentry", "pk": 23, "fields": {"action_time": "2021-02-15T14:49:35.293", "user": 1, "content_type": 4, "object_id": "14", "object_repr": "user11", "action_flag": 3, "change_message": ""}}, {"model": "admin.logentry", "pk": 24, "fields": {"action_time": "2021-02-15T14:49:35.295", "user": 1, "content_type": 4, "object_id": "12", "object_repr": "user123", "action_flag": 3, "change_message": ""}}, {"model": "admin.logentry", "pk": 25, "fields": {"action_time": "2021-02-15T14:49:35.298", "user": 1, "content_type": 4, "object_id": "16", "object_repr": "user21", "action_flag": 3, "change_message": ""}}, {"model": "admin.logentry", "pk": 26, "fields": {"action_time": "2021-02-15T14:49:35.301", "user": 1, "content_type": 4, "object_id": "15", "object_repr": "user22", "action_flag": 3, "change_message": ""}}, {"model": "admin.logentry", "pk": 27, "fields": {"action_time": "2021-02-15T14:49:35.304", "user": 1, "content_type": 4, "object_id": "18", "object_repr": "user34", "action_flag": 3, "change_message": ""}}, {"model": "admin.logentry", "pk": 28, "fields": {"action_time": "2021-02-15T14:49:35.308", "user": 1, "content_type": 4, "object_id": "17", "object_repr": "user66", "action_flag": 3, "change_message": ""}}, {"model": "admin.logentry", "pk": 29, "fields": {"action_time": "2021-02-19T16:31:12.234", "user": 1, "content_type": 10, "object_id": "17", "object_repr": "Смена № 1, плита: 22, дата: 2021-02-19 15:47:35.887567+00:00.", "action_flag": 2, "change_message": "[{\"changed\": {\"fields\": [\"\\u0412\\u043b\\u0430\\u0434\\u0435\\u043b\\u0435\\u0446 \\u0437\\u0430\\u043f\\u0438\\u0441\\u0438\"]}}]"}}, {"model": "admin.logentry", "pk": 30, "fields": {"action_time": "2021-02-19T16:50:47.268", "user": 1, "content_type": 10, "object_id": "18", "object_repr": "Смена № 2, плита: 12, дата: 2021-02-19 16:50:05.216227+00:00.", "action_flag": 2, "change_message": "[{\"changed\": {\"fields\": [\"\\u0412\\u043b\\u0430\\u0434\\u0435\\u043b\\u0435\\u0446 \\u0437\\u0430\\u043f\\u0438\\u0441\\u0438\"]}}]"}}, {"model": "admin.logentry", "pk": 31, "fields": {"action_time": "2021-02-19T16:59:46.721", "user": 1, "content_type": 10, "object_id": "17", "object_repr": "Смена № 2, плита: 22, дата: 2021-02-19 15:47:35.887567+00:00.", "action_flag": 2, "change_message": "[{\"changed\": {\"fields\": [\"\\u0412\\u043b\\u0430\\u0434\\u0435\\u043b\\u0435\\u0446 \\u0437\\u0430\\u043f\\u0438\\u0441\\u0438\"]}}]"}}, {"model": "admin.logentry", "pk": 32, "fields": {"action_time": "2021-02-19T16:59:54.883", "user": 1, "content_type": 10, "object_id": "16", "object_repr": "Смена № 3, плита: 16, дата: 2021-02-11 19:21:35.958867+00:00.", "action_flag": 2, "change_message": "[{\"changed\": {\"fields\": [\"\\u0412\\u043b\\u0430\\u0434\\u0435\\u043b\\u0435\\u0446 \\u0437\\u0430\\u043f\\u0438\\u0441\\u0438\"]}}]"}}, {"model": "admin.logentry", "pk": 33, "fields": {"action_time": "2021-02-19T17:30:34.105", "user": 1, "content_type": 10, "object_id": "18", "object_repr": "Смена № 1, плита: 12, дата: 2021-02-19 16:50:05.216227+00:00.", "action_flag": 2, "change_message": "[{\"changed\": {\"fields\": [\"\\u0412\\u043b\\u0430\\u0434\\u0435\\u043b\\u0435\\u0446 \\u0437\\u0430\\u043f\\u0438\\u0441\\u0438\"]}}]"}}, {"model": "admin.logentry", "pk": 34, "fields": {"action_time": "2021-02-19T17:30:54.631", "user": 1, "content_type": 10, "object_id": "19", "object_repr": "Смена № 1, плита: 12, дата: 2021-02-19 17:11:21.959306+00:00.", "action_flag": 2, "change_message": "[{\"changed\": {\"fields\": [\"\\u0412\\u043b\\u0430\\u0434\\u0435\\u043b\\u0435\\u0446 \\u0437\\u0430\\u043f\\u0438\\u0441\\u0438\"]}}]"}}, {"model": "admin.logentry", "pk": 35, "fields": {"action_time": "2021-02-27T19:03:14.731", "user": 1, "content_type": 4, "object_id": "21", "object_repr": "user0", "action_flag": 2, "change_message": "[{\"changed\": {\"fields\": [\"Staff status\"]}}]"}}, {"model": "admin.logentry", "pk": 36, "fields": {"action_time": "2021-02-27T19:04:03.572", "user": 1, "content_type": 3, "object_id": "1", "object_repr": "ПДСП", "action_flag": 1, "change_message": "[{\"added\": {}}]"}}, {"model": "admin.logentry", "pk": 37, "fields": {"action_time": "2021-02-27T19:04:18.774", "user": 1, "content_type": 3, "object_id": "2", "object_repr": "Смена №1", "action_flag": 1, "change_message": "[{\"added\": {}}]"}}, {"model": "admin.logentry", "pk": 38, "fields": {"action_time": "2021-02-27T19:04:31.086", "user": 1, "content_type": 3, "object_id": "3", "object_repr": "Смена №2", "action_flag": 1, "change_message": "[{\"added\": {}}]"}}, {"model": "admin.logentry", "pk": 39, "fields": {"action_time": "2021-02-27T19:04:42.102", "user": 1, "content_type": 3, "object_id": "4", "object_repr": "Смена №3", "action_flag": 1, "change_message": "[{\"added\": {}}]"}}, {"model": "admin.logentry", "pk": 40, "fields": {"action_time": "2021-02-27T19:04:52.517", "user": 1, "content_type": 3, "object_id": "5", "object_repr": "Смена №4", "action_flag": 1, "change_message": "[{\"added\": {}}]"}}, {"model": "admin.logentry", "pk": 41, "fields": {"action_time": "2021-02-27T19:05:32.917", "user": 1, "content_type": 3, "object_id": "6", "object_repr": "Шлифовка", "action_flag": 1, "change_message": "[{\"added\": {}}]"}}, {"model": "admin.logentry", "pk": 42, "fields": {"action_time": "2021-02-27T19:05:41.001", "user": 1, "content_type": 3, "object_id": "7", "object_repr": "Распиловка", "action_flag": 1, "change_message": "[{\"added\": {}}]"}}, {"model": "admin.logentry", "pk": 43, "fields": {"action_time": "2021-02-27T19:05:49.583", "user": 1, "content_type": 3, "object_id": "8", "object_repr": "Пресс", "action_flag": 1, "change_message": "[{\"added\": {}}]"}}, {"model": "admin.logentry", "pk": 44, "fields": {"action_time": "2021-02-27T19:06:27.141", "user": 1, "content_type": 4, "object_id": "21", "object_repr": "user0", "action_flag": 3, "change_message": ""}}, {"model": "admin.logentry", "pk": 45, "fields": {"action_time": "2021-02-27T19:06:27.147", "user": 1, "content_type": 4, "object_id": "19", "object_repr": "user1", "action_flag": 3, "change_message": ""}}, {"model": "admin.logentry", "pk": 46, "fields": {"action_time": "2021-02-27T19:06:27.149", "user": 1, "content_type": 4, "object_id": "20", "object_repr": "user12345", "action_flag": 3, "change_message": ""}}, {"model": "admin.logentry", "pk": 47, "fields": {"action_time": "2021-02-27T19:08:13.504", "user": 1, "content_type": 4, "object_id": "22", "object_repr": "operator_shlifovka", "action_flag": 2, "change_message": "[{\"changed\": {\"fields\": [\"Groups\"]}}]"}}, {"model": "admin.logentry", "pk": 48, "fields": {"action_time": "2021-02-27T19:08:43.880", "user": 1, "content_type": 4, "object_id": "22", "object_repr": "operator_shlifovki_2", "action_flag": 2, "change_message": "[{\"changed\": {\"fields\": [\"Username\"]}}]"}}, {"model": "admin.logentry", "pk": 49, "fields": {"action_time": "2021-02-28T09:25:56.635", "user": 1, "content_type": 4, "object_id": "22", "object_repr": "operator_shlifovki_2", "action_flag": 2, "change_message": "[{\"changed\": {\"fields\": [\"First name\"]}}]"}}, {"model": "admin.logentry", "pk": 50, "fields": {"action_time": "2021-02-28T16:15:38.439", "user": 1, "content_type": 11, "object_id": "1", "object_repr": "автор № operator_shlifovki_2, толщина плиты: True, смена : 2. участок : Шлифовка.", "action_flag": 1, "change_message": "[{\"added\": {}}]"}}, {"model": "admin.logentry", "pk": 51, "fields": {"action_time": "2021-02-28T16:16:03.574", "user": 1, "content_type": 11, "object_id": "1", "object_repr": "автор № admin, толщина плиты: True, смена : 2. участок : Шлифовка.", "action_flag": 2, "change_message": "[{\"changed\": {\"fields\": [\"\\u0412\\u043b\\u0430\\u0434\\u0435\\u043b\\u0435\\u0446 \\u0437\\u0430\\u043f\\u0438\\u0441\\u0438\"]}}]"}}, {"model": "admin.logentry", "pk": 52, "fields": {"action_time": "2021-02-28T16:49:24.366", "user": 1, "content_type": 11, "object_id": "1", "object_repr": "автор  admin, Имя формы: True, смена : 2. участок : Шлифовка.", "action_flag": 2, "change_message": "[]"}}, {"model": "admin.logentry", "pk": 53, "fields": {"action_time": "2021-02-28T17:11:51.160", "user": 1, "content_type": 11, "object_id": "2", "object_repr": "автор  admin, Видимость: True, смена : 1. участок : Шлифовка.", "action_flag": 1, "change_message": "[{\"added\": {}}]"}}, {"model": "admin.logentry", "pk": 54, "fields": {"action_time": "2021-02-28T17:12:18.166", "user": 1, "content_type": 11, "object_id": "3", "object_repr": "автор  operator_shlifovki_2, Видимость: True, смена : смена 1. участок : Шлифовка.", "action_flag": 1, "change_message": "[{\"added\": {}}]"}}, {"model": "admin.logentry", "pk": 55, "fields": {"action_time": "2021-02-28T17:35:10.224", "user": 1, "content_type": 11, "object_id": "3", "object_repr": "автор  operator_shlifovki_2, Видимость: True, смена : смена 1. участок : Шлифовка.", "action_flag": 3, "change_message": ""}}, {"model": "admin.logentry", "pk": 56, "fields": {"action_time": "2021-02-28T17:35:10.232", "user": 1, "content_type": 11, "object_id": "1", "object_repr": "автор  admin, Видимость: True, смена : 2. участок : Шлифовка.", "action_flag": 3, "change_message": ""}}, {"model": "admin.logentry", "pk": 57, "fields": {"action_time": "2021-02-28T17:35:10.235", "user": 1, "content_type": 11, "object_id": "2", "object_repr": "автор  admin, Видимость: True, смена : 1. участок : Шлифовка.", "action_flag": 3, "change_message": ""}}, {"model": "admin.logentry", "pk": 58, "fields": {"action_time": "2021-02-28T17:42:00.524", "user": 1, "content_type": 11, "object_id": "4", "object_repr": "автор  admin, Видимость: True, смена : 2. участок : Шлифовка.", "action_flag": 1, "change_message": "[{\"added\": {}}]"}}, {"model": "admin.logentry", "pk": 59, "fields": {"action_time": "2021-02-28T17:42:20.165", "user": 1, "content_type": 11, "object_id": "5", "object_repr": "автор  operator_shlifovki_2, Видимость: True, смена : 1. участок : шлифовка.", "action_flag": 1, "change_message": "[{\"added\": {}}]"}}, {"model": "admin.logentry", "pk": 60, "fields": {"action_time": "2021-03-03T17:11:22.245", "user": 1, "content_type": 11, "object_id": "4", "object_repr": "автор  admin, Видимость: True, смена : 2. участок : Шлифовка.", "action_flag": 2, "change_message": "[{\"changed\": {\"fields\": [\"\\u0412\\u0438\\u0434\\u0438\\u043c\\u043e\\u0441\\u0442\\u044c \\u0444\\u043e\\u0440\\u043c\\u044b 2\"]}}]"}}, {"model": "admin.logentry", "pk": 61, "fields": {"action_time": "2021-03-03T17:11:37.570", "user": 1, "content_type": 11, "object_id": "5", "object_repr": "автор  operator_shlifovki_2, Видимость: True, смена : 1. участок : шлифовка.", "action_flag": 2, "change_message": "[{\"changed\": {\"fields\": [\"\\u0412\\u0438\\u0434\\u0438\\u043c\\u043e\\u0441\\u0442\\u044c \\u0444\\u043e\\u0440\\u043c\\u044b 2\"]}}]"}}, {"model": "admin.logentry", "pk": 62, "fields": {"action_time": "2021-03-03T17:40:38.298", "user": 1, "content_type": 11, "object_id": "4", "object_repr": "автор  test1, Видимость: True, смена : 2. участок : Шлифовка.", "action_flag": 2, "change_message": "[{\"changed\": {\"fields\": [\"\\u0412\\u043b\\u0430\\u0434\\u0435\\u043b\\u0435\\u0446 \\u0437\\u0430\\u043f\\u0438\\u0441\\u0438, \\u043f\\u043e\\u043b\\u044c\\u0437\\u043e\\u0432\\u0430\\u0442\\u0435\\u043b\\u044c\"]}}]"}}, {"model": "admin.logentry", "pk": 63, "fields": {"action_time": "2021-03-03T18:14:23.044", "user": 1, "content_type": 11, "object_id": "4", "object_repr": "автор  test1, Видимость: True, смена : 2. участок : Шлифовка.", "action_flag": 3, "change_message": ""}}, {"model": "admin.logentry", "pk": 64, "fields": {"action_time": "2021-03-03T18:14:23.049", "user": 1, "content_type": 11, "object_id": "5", "object_repr": "автор  operator_shlifovki_2, Видимость: True, смена : 1. участок : шлифовка.", "action_flag": 3, "change_message": ""}}, {"model": "admin.logentry", "pk": 65, "fields": {"action_time": "2021-03-03T18:19:08.608", "user": 1, "content_type": 11, "object_id": "6", "object_repr": "автор  admin, Видимость: True, смена : admin. участок : admin.", "action_flag": 1, "change_message": "[{\"added\": {}}]"}}, {"model": "admin.logentry", "pk": 66, "fields": {"action_time": "2021-03-04T09:03:06.015", "user": 1, "content_type": 11, "object_id": "6", "object_repr": "автор  admin, Видимость: True, смена : admin. участок : admin.", "action_flag": 2, "change_message": "[]"}}, {"model": "admin.logentry", "pk": 67, "fields": {"action_time": "2021-03-04T09:24:36.823", "user": 1, "content_type": 11, "object_id": "7", "object_repr": "автор  test1, Видимость: True, смена : 2. участок : 2.", "action_flag": 1, "change_message": "[{\"added\": {}}]"}}, {"model": "admin.logentry", "pk": 68, "fields": {"action_time": "2021-03-04T11:21:47.899", "user": 1, "content_type": 11, "object_id": "7", "object_repr": "автор  test1, Видимость: True, смена : test1. участок : тест1.", "action_flag": 2, "change_message": "[{\"changed\": {\"fields\": [\"\\u0421\\u0441\\u044b\\u043b\\u043a\\u0430\", \"\\u0421\\u043c\\u0435\\u043d\\u0430 \\u2116\", \"\\u0423\\u0447\\u0430\\u0441\\u0442\\u043e\\u043a\"]}}]"}}, {"model": "admin.logentry", "pk": 69, "fields": {"action_time": "2021-03-04T13:26:42.793", "user": 1, "content_type": 11, "object_id": "24", "object_repr": "автор  test2, Видимость: True, смена : test2. участок : test2.", "action_flag": 2, "change_message": "[{\"changed\": {\"fields\": [\"\\u0412\\u0438\\u0434\\u0438\\u043c\\u043e\\u0441\\u0442\\u044c \\u0444\\u043e\\u0440\\u043c\\u044b 1\", \"\\u0412\\u0438\\u0434\\u0438\\u043c\\u043e\\u0441\\u0442\\u044c \\u0444\\u043e\\u0440\\u043c\\u044b 2\", \"\\u0421\\u0441\\u044b\\u043b\\u043a\\u0430\", \"\\u0421\\u043c\\u0435\\u043d\\u0430 \\u2116\", \"\\u0423\\u0447\\u0430\\u0441\\u0442\\u043e\\u043a\"]}}]"}}, {"model": "admin.logentry", "pk": 70, "fields": {"action_time": "2021-03-06T18:56:49.666", "user": 1, "content_type": 11, "object_id": "7", "object_repr": "автор  test1, Видимость: True, смена : test1. участок : тест1.", "action_flag": 2, "change_message": "[]"}}, {"model": "admin.logentry", "pk": 71, "fields": {"action_time": "2021-03-06T19:33:44.608", "user": 1, "content_type": 11, "object_id": "8", "object_repr": "автор  test4, Видимость: True, смена : 4. участок : 4.", "action_flag": 1, "change_message": "[{\"added\": {}}]"}}, {"model": "admin.logentry", "pk": 72, "fields": {"action_time": "2021-03-06T19:35:36.542", "user": 1, "content_type": 4, "object_id": "22", "object_repr": "operator_shlifovki_2", "action_flag": 3, "change_message": ""}}, {"model": "admin.logentry", "pk": 73, "fields": {"action_time": "2021-03-06T19:35:36.549", "user": 1, "content_type": 4, "object_id": "23", "object_repr": "test1", "action_flag": 3, "change_message": ""}}, {"model": "admin.logentry", "pk": 74, "fields": {"action_time": "2021-03-06T19:35:36.553", "user": 1, "content_type": 4, "object_id": "24", "object_repr": "test2", "action_flag": 3, "change_message": ""}}, {"model": "admin.logentry", "pk": 75, "fields": {"action_time": "2021-03-06T19:35:36.555", "user": 1, "content_type": 4, "object_id": "25", "object_repr": "test3", "action_flag": 3, "change_message": ""}}, {"model": "admin.logentry", "pk": 76, "fields": {"action_time": "2021-03-06T19:35:36.559", "user": 1, "content_type": 4, "object_id": "26", "object_repr": "test4", "action_flag": 3, "change_message": ""}}, {"model": "admin.logentry", "pk": 77, "fields": {"action_time": "2021-03-06T19:35:36.562", "user": 1, "content_type": 4, "object_id": "27", "object_repr": "test5", "action_flag": 3, "change_message": ""}}, {"model": "admin.logentry", "pk": 78, "fields": {"action_time": "2021-03-07T11:53:05.293", "user": 1, "content_type": 4, "object_id": "28", "object_repr": "test1", "action_flag": 3, "change_message": ""}}, {"model": "admin.logentry", "pk": 79, "fields": {"action_time": "2021-03-07T11:53:05.296", "user": 1, "content_type": 4, "object_id": "29", "object_repr": "test11", "action_flag": 3, "change_message": ""}}, {"model": "admin.logentry", "pk": 80, "fields": {"action_time": "2021-03-07T11:53:05.299", "user": 1, "content_type": 4, "object_id": "30", "object_repr": "test2", "action_flag": 3, "change_message": ""}}, {"model": "admin.logentry", "pk": 81, "fields": {"action_time": "2021-03-07T11:53:05.303", "user": 1, "content_type": 4, "object_id": "31", "object_repr": "test3", "action_flag": 3, "change_message": ""}}, {"model": "admin.logentry", "pk": 82, "fields": {"action_time": "2021-03-07T11:53:05.306", "user": 1, "content_type": 4, "object_id": "32", "object_repr": "test33", "action_flag": 3, "change_message": ""}}, {"model": "admin.logentry", "pk": 83, "fields": {"action_time": "2021-03-07T11:53:11.893", "user": 1, "content_type": 4, "object_id": "33", "object_repr": "test5", "action_flag": 3, "change_message": ""}}, {"model": "admin.logentry", "pk": 84, "fields": {"action_time": "2021-03-07T15:21:45.455", "user": 1, "content_type": 12, "object_id": "1", "object_repr": "автор  admin, Видимость: True, смена : 21.9. участок : 18.9.", "action_flag": 1, "change_message": "[{\"added\": {}}]"}}, {"model": "admin.logentry", "pk": 85, "fields": {"action_time": "2021-03-07T15:50:32.190", "user": 1, "content_type": 3, "object_id": "7", "object_repr": "Распиловка", "action_flag": 2, "change_message": "[{\"changed\": {\"fields\": [\"Permissions\"]}}]"}}, {"model": "admin.logentry", "pk": 86, "fields": {"action_time": "2021-03-08T09:20:40.846", "user": 1, "content_type": 4, "object_id": "34", "object_repr": "test10", "action_flag": 2, "change_message": "[{\"changed\": {\"fields\": [\"Groups\"]}}]"}}, {"model": "admin.logentry", "pk": 87, "fields": {"action_time": "2021-03-19T16:39:33.341", "user": 1, "content_type": 4, "object_id": "1", "object_repr": "admin", "action_flag": 2, "change_message": "[{\"changed\": {\"fields\": [\"Groups\", \"User permissions\"]}}]"}}, {"model": "admin.logentry", "pk": 88, "fields": {"action_time": "2021-03-23T15:25:38.282", "user": 1, "content_type": 4, "object_id": "34", "object_repr": "test10", "action_flag": 2, "change_message": "[{\"changed\": {\"fields\": [\"Last name\"]}}]"}}, {"model": "admin.logentry", "pk": 89, "fields": {"action_time": "2021-03-23T16:06:01.248", "user": 1, "content_type": 4, "object_id": "1", "object_repr": "admin", "action_flag": 2, "change_message": "[{\"changed\": {\"fields\": [\"Last name\"]}}]"}}, {"model": "admin.logentry", "pk": 90, "fields": {"action_time": "2021-03-23T16:12:37.015", "user": 1, "content_type": 4, "object_id": "1", "object_repr": "admin", "action_flag": 2, "change_message": "[{\"changed\": {\"fields\": [\"First name\"]}}]"}}, {"model": "admin.logentry", "pk": 91, "fields": {"action_time": "2021-04-04T13:02:17.332", "user": 1, "content_type": 12, "object_id": "34", "object_repr": "автор  test10, смена : Смена 2. участок : Шлифовка.", "action_flag": 2, "change_message": "[{\"changed\": {\"fields\": [\"\\u0422\\u043e\\u043b\\u0449\\u0438\\u043d\\u0430 \\u0428\\u043b\\u0438\\u0444\\u043e\\u0432\\u0430\\u043d\\u043e\\u0439 \\u043f\\u043b\\u0438\\u0442\\u044b\", \"\\u0423\\u0447\\u0451\\u0442 \\u0448\\u043b\\u0438\\u0444\\u043e\\u0432\\u0430\\u043b\\u044c\\u043d\\u044b\\u0445 \\u043c\\u0430\\u0442\\u0435\\u0440\\u0438\\u0430\\u043b\\u043e\\u0432\", \"\\u0422\\u043e\\u043b\\u0449\\u0438\\u043d\\u0430 \\u043f\\u0430\\u043a\\u0435\\u0442\\u0430 \\u0448\\u043b\\u0438\\u0444\\u043e\\u0432\\u0430\\u043d\\u043d\\u043e\\u0439 \\u043f\\u043b\\u0438\\u0442\\u044b\"]}}]"}}, {"model": "admin.logentry", "pk": 92, "fields": {"action_time": "2021-04-04T13:02:26.143", "user": 1, "content_type": 12, "object_id": "1", "object_repr": "автор  admin, смена : Смена 1. участок : Пресс.", "action_flag": 2, "change_message": "[{\"changed\": {\"fields\": [\"\\u0422\\u043e\\u043b\\u0449\\u0438\\u043d\\u0430 \\u043d\\u0435\\u0448\\u043b\\u0438\\u0444\\u043e\\u0432\\u0430\\u043d\\u043e\\u0439 \\u043f\\u043b\\u0438\\u0442\\u044b\", \"\\u0424\\u043e\\u0440\\u043c\\u0430 \\u043e\\u0447\\u0438\\u0441\\u0442\\u043a\\u0438 \\u043b\\u0435\\u043d\\u0442 \\u043f\\u0440\\u0435\\u0441\\u0430\"]}}]"}}, {"model": "admin.logentry", "pk": 93, "fields": {"action_time": "2021-04-04T13:02:45.932", "user": 1, "content_type": 12, "object_id": "35", "object_repr": "автор  test101, смена : 1. участок : Распиловка.", "action_flag": 2, "change_message": "[{\"changed\": {\"fields\": [\"\\u0422\\u043e\\u043b\\u0449\\u0438\\u043d\\u0430 \\u043f\\u0430\\u043a\\u0435\\u0442\\u0430 \\u043d\\u0435\\u0448\\u043b\\u0438\\u0444\\u043e\\u0432\\u0430\\u043d\\u043e\\u0439 \\u043f\\u043b\\u0438\\u0442\\u044b\", \"\\u0418\\u0437\\u043c\\u0435\\u0440\\u0435\\u043d\\u0438\\u0435 \\u043f\\u043e\\u043a\\u043e\\u0440\\u043e\\u0431\\u043b\\u0435\\u043d\\u043d\\u043e\\u0441\\u0442\\u0438\", \"\\u0423\\u0447\\u0451\\u0442 \\u0437\\u0430\\u043c\\u0435\\u043d\\u044b \\u0447\\u0435\\u0440\\u043d\\u0438\\u043b\\u044c\\u043d\\u043e\\u0439 \\u0441\\u0438\\u0441\\u0442\\u0435\\u043c\\u044b\", \"\\u0423\\u0447\\u0430\\u0441\\u0442\\u043e\\u043a\"]}}]"}}, {"model": "admin.logentry", "pk": 94, "fields": {"action_time": "2021-04-09T16:53:48.246", "user": 1, "content_type": 10, "object_id": "52", "object_repr": "Смена № admin, плита: 12, дата: 2021-04-09 16:53:48.241391+00:00.", "action_flag": 1, "change_message": "[{\"added\": {}}]"}}, {"model": "admin.logentry", "pk": 95, "fields": {"action_time": "2021-04-09T16:54:50.987", "user": 1, "content_type": 13, "object_id": "4", "object_repr": "Смена № admin, плита: 12, дата: 2021-04-09 16:54:50.985184+00:00.", "action_flag": 1, "change_message": "[{\"added\": {}}]"}}, {"model": "admin.logentry", "pk": 96, "fields": {"action_time": "2021-04-16T17:01:23.500", "user": 1, "content_type": 14, "object_id": "1", "object_repr": "Смена № admin, плита: 12, дата: 2021-04-16 17:01:23.498307+00:00.", "action_flag": 1, "change_message": "[{\"added\": {}}]"}}, {"model": "admin.logentry", "pk": 97, "fields": {"action_time": "2021-04-18T19:46:14.468", "user": 1, "content_type": 16, "object_id": "1", "object_repr": "Смена № admin, дата: 2021-04-18 19:46:14.466002+00:00.", "action_flag": 1, "change_message": "[{\"added\": {}}]"}}, {"model": "admin.logentry", "pk": 98, "fields": {"action_time": "2021-04-18T19:49:08.754", "user": 1, "content_type": 16, "object_id": "1", "object_repr": "Смена № admin, дата: 2021-04-18 19:46:14.466002+00:00.", "action_flag": 2, "change_message": "[]"}}, {"model": "admin.logentry", "pk": 99, "fields": {"action_time": "2021-04-18T19:50:09.211", "user": 1, "content_type": 16, "object_id": "1", "object_repr": "Смена № admin, дата: 2021-04-18 19:46:14.466002+00:00.", "action_flag": 2, "change_message": "[{\"changed\": {\"fields\": [\"\\u041f\\u0440\\u043e\\u0431\\u0435\\u0433 \\u043b\\u0435\\u043d\\u0442\\u044b Agg 1.1\"]}}]"}}, {"model": "admin.logentry", "pk": 100, "fields": {"action_time": "2021-04-20T16:35:03.426", "user": 1, "content_type": 16, "object_id": "2", "object_repr": "Смена № admin, дата: 2021-04-20 16:35:03.418369+00:00.", "action_flag": 1, "change_message": "[{\"added\": {}}]"}}, {"model": "admin.logentry", "pk": 101, "fields": {"action_time": "2021-04-24T13:30:54.036", "user": 1, "content_type": 17, "object_id": "3", "object_repr": "Смена производства № 1, заказ - 15, плита: 15 - 2800, дата производства: 2021-04-24.", "action_flag": 1, "change_message": "[{\"added\": {}}]"}}, {"model": "admin.logentry", "pk": 102, "fields": {"action_time": "2021-04-24T13:41:20.949", "user": 1, "content_type": 17, "object_id": "3", "object_repr": "Смена производства № 1, заказ - 15, плита: 15 - 2800, дата производства: 2021-04-24.", "action_flag": 3, "change_message": ""}}, {"model": "admin.logentry", "pk": 103, "fields": {"action_time": "2021-04-24T13:44:49.631", "user": 1, "content_type": 16, "object_id": "8", "object_repr": "Смена № admin, дата: 2021-04-23 19:07:59.147561+00:00.", "action_flag": 3, "change_message": ""}}, {"model": "admin.logentry", "pk": 104, "fields": {"action_time": "2021-04-24T13:44:49.641", "user": 1, "content_type": 16, "object_id": "5", "object_repr": "Смена № admin, дата: 2021-04-23 16:39:02.840296+00:00.", "action_flag": 3, "change_message": ""}}, {"model": "admin.logentry", "pk": 105, "fields": {"action_time": "2021-04-24T13:44:49.643", "user": 1, "content_type": 16, "object_id": "4", "object_repr": "Смена № admin, дата: 2021-04-23 16:15:28.030369+00:00.", "action_flag": 3, "change_message": ""}}, {"model": "admin.logentry", "pk": 106, "fields": {"action_time": "2021-04-24T13:44:49.645", "user": 1, "content_type": 16, "object_id": "3", "object_repr": "Смена № admin, дата: 2021-04-20 17:37:57.681675+00:00.", "action_flag": 3, "change_message": ""}}, {"model": "admin.logentry", "pk": 107, "fields": {"action_time": "2021-04-24T13:44:49.647", "user": 1, "content_type": 16, "object_id": "2", "object_repr": "Смена № admin, дата: 2021-04-20 16:35:03.418369+00:00.", "action_flag": 3, "change_message": ""}}, {"model": "admin.logentry", "pk": 108, "fields": {"action_time": "2021-04-24T13:49:39.907", "user": 1, "content_type": 13, "object_id": "8", "object_repr": "Смена № admin, плита: 22, дата: 2021-04-16 19:54:16.516434+00:00.", "action_flag": 3, "change_message": ""}}, {"model": "admin.logentry", "pk": 109, "fields": {"action_time": "2021-04-24T13:49:39.917", "user": 1, "content_type": 13, "object_id": "7", "object_repr": "Смена № admin, плита: 12, дата: 2021-04-13 11:41:23.471371+00:00.", "action_flag": 3, "change_message": ""}}, {"model": "admin.logentry", "pk": 110, "fields": {"action_time": "2021-04-24T13:49:39.920", "user": 1, "content_type": 13, "object_id": "6", "object_repr": "Смена № test10, плита: 22, дата: 2021-04-12 18:49:29.902098+00:00.", "action_flag": 3, "change_message": ""}}, {"model": "admin.logentry", "pk": 111, "fields": {"action_time": "2021-04-24T13:49:39.923", "user": 1, "content_type": 13, "object_id": "5", "object_repr": "Смена № admin, плита: 22, дата: 2021-04-12 17:18:11.879904+00:00.", "action_flag": 3, "change_message": ""}}, {"model": "admin.logentry", "pk": 112, "fields": {"action_time": "2021-04-24T13:49:39.926", "user": 1, "content_type": 13, "object_id": "4", "object_repr": "Смена № admin, плита: 12, дата: 2021-04-09 16:54:50.985184+00:00.", "action_flag": 3, "change_message": ""}}, {"model": "admin.logentry", "pk": 113, "fields": {"action_time": "2021-04-24T13:49:39.929", "user": 1, "content_type": 13, "object_id": "2", "object_repr": "Смена № admin, плита: 22, дата: 2021-04-09 16:50:48.194972+00:00.", "action_flag": 3, "change_message": ""}}, {"model": "admin.logentry", "pk": 114, "fields": {"action_time": "2021-04-28T16:51:51.191", "user": 1, "content_type": 15, "object_id": "1", "object_repr": "Смена № admin, плита: 16, дата: 2021-04-28 16:51:51.185600+00:00.", "action_flag": 1, "change_message": "[{\"added\": {}}]"}}, {"model": "admin.logentry", "pk": 115, "fields": {"action_time": "2021-07-13T09:56:07.113", "user": 1, "content_type": 19, "object_id": "1", "object_repr": "Смена № admin, дата: 2021-07-13 09:56:07.108275.", "action_flag": 1, "change_message": "[{\"added\": {}}]"}}, {"model": "admin.logentry", "pk": 116, "fields": {"action_time": "2021-07-14T08:07:54.429", "user": 1, "content_type": 21, "object_id": "2", "object_repr": "автор  None ", "action_flag": 1, "change_message": "[{\"added\": {}}]"}}, {"model": "admin.logentry", "pk": 117, "fields": {"action_time": "2021-07-14T08:08:10.399", "user": 1, "content_type": 21, "object_id": "3", "object_repr": "автор  admin ", "action_flag": 1, "change_message": "[{\"added\": {}}]"}}, {"model": "admin.logentry", "pk": 118, "fields": {"action_time": "2021-07-14T08:14:19.904", "user": 1, "content_type": 21, "object_id": "2", "object_repr": "автор  None ", "action_flag": 3, "change_message": ""}}, {"model": "admin.logentry", "pk": 119, "fields": {"action_time": "2021-07-21T13:30:55.203", "user": 1, "content_type": 12, "object_id": "34", "object_repr": "автор  test10, смена : Смена 4. участок : Шлифовка.", "action_flag": 2, "change_message": "[]"}}, {"model": "admin.logentry", "pk": 120, "fields": {"action_time": "2021-07-21T13:34:34.594", "user": 1, "content_type": 12, "object_id": "34", "object_repr": "автор  test10, смена : Смена 4. участок : Шлифовка.", "action_flag": 2, "change_message": "[{\"changed\": {\"fields\": [\"\\u0421\\u043c\\u0435\\u043d\\u0430 \\u2116\"]}}]"}}, {"model": "auth.group", "pk": 1, "fields": {"name": "ПДСП", "permissions": []}}, {"model": "auth.group", "pk": 2, "fields": {"name": "Смена №1", "permissions": []}}, {"model": "auth.group", "pk": 3, "fields": {"name": "Смена №2", "permissions": []}}, {"model": "auth.group", "pk": 4, "fields": {"name": "Смена №3", "permissions": []}}, {"model": "auth.group", "pk": 5, "fields": {"name": "Смена №4", "permissions": []}}, {"model": "auth.group", "pk": 6, "fields": {"name": "Шлифовка", "permissions": []}}, {"model": "auth.group", "pk": 7, "fields": {"name": "Распиловка", "permissions": [29]}}, {"model": "auth.group", "pk": 8, "fields": {"name": "Пресс", "permissions": []}}, {"model": "auth.user", "pk": 1, "fields": {"password": "pbkdf2_sha256$260000$LSq1nJb6r0xZdgra0d06XQ$ftoIHzKbY1qHo4Cj5HQUEkJn0nMjBL5IDHFTkraw0/Q=", "last_login": "2021-07-21T13:30:48.690", "is_superuser": true, "username": "admin", "first_name": "бла бла", "last_name": "Смена 1", "email": "", "is_staff": true, "is_active": true, "date_joined": "2021-01-13T19:06:37", "groups": [6], "user_permissions": [29]}}, {"model": "auth.user", "pk": 34, "fields": {"password": "pbkdf2_sha256$260000$eGYUtFLHMNJOQEiUdRnAgn$orR/i7r5chXwnIFZvFA+y2naluj3q0unYkN2RL06l94=", "last_login": "2021-07-21T13:31:18.389", "is_superuser": false, "username": "test10", "first_name": "", "last_name": "Смена 2", "email": "", "is_staff": false, "is_active": true, "date_joined": "2021-03-07T11:53:30", "groups": [6], "user_permissions": []}}, {"model": "auth.user", "pk": 35, "fields": {"password": "pbkdf2_sha256$216000$yOBNgFqiJwJo$aHjEC+QWwW5de5Pu9dku2Fu5xSX2vTI6bTjdO1cyyDM=", "last_login": "2021-03-07T11:54:07.213", "is_superuser": false, "username": "test101", "first_name": "", "last_name": "", "email": "", "is_staff": false, "is_active": true, "date_joined": "2021-03-07T11:54:03.734", "groups": [], "user_permissions": []}}, {"model": "auth.user", "pk": 36, "fields": {"password": "pbkdf2_sha256$260000$DAqOjQGXcNiwgifQYppRxm$0Vs4hxaugpMqmrB0+XEp2goSamR5E8EOJQNQj6gxxUA=", "last_login": "2021-07-10T09:50:56.344", "is_superuser": false, "username": "user123", "first_name": "", "last_name": "", "email": "", "is_staff": false, "is_active": true, "date_joined": "2021-07-10T09:50:40.245", "groups": [], "user_permissions": []}}, {"model": "sessions.session", "pk": "2lwkx44nsp6hlhfxymodf7amf7zqumz2", "fields": {"session_data": ".eJxVjEEOwiAQRe_C2hCgHaAu3XsGMgOMVA0kpV0Z765NutDtf-_9lwi4rSVsPS9hTuIstDj9boTxkesO0h3rrcnY6rrMJHdFHrTLa0v5eTncv4OCvXxr5Rxk5Q0xRFJ-cBNozwYsglaMI8Aw6DEDkbfRGJfIThESOzaMEbV4fwDAHzeg:1kzlUa:XhSW60nq5n_VzZ9dNJ-RtiK1JYExgxEx91mflG9P9-0", "expire_date": "2021-01-27T19:07:40.156"}}, {"model": "sessions.session", "pk": "346bwgtiqlgk1k1uynnqa0bf7a5xe04b", "fields": {"session_data": "e30:1lGLJN:5vM6IE53NvSeU1pV5reD9N_-k3Lg1yroAh_gDSKv3Mk", "expire_date": "2021-03-14T12:36:37.944"}}, {"model": "sessions.session", "pk": "3jv7tv714es1vhtwi58ccw42ecxgye8x", "fields": {"session_data": ".eJxVjEEOwiAQRe_C2pACQyku3XsGMsyAVA0kpV0Z765NutDtf-_9lwi4rSVsPS1hZnEWSpx-t4j0SHUHfMd6a5JaXZc5yl2RB-3y2jg9L4f7d1Cwl2_tzaRAI-XRTZDdwJoNO0QLGZxHnYCTJnKa7BidQe8t2SF7w8la5UG8P97WN7g:1m6CJE:5akjTDTtpxSTz7OLY67aBkWZajFSSSuMcx_DXjfkcec", "expire_date": "2021-08-04T13:30:48.699"}}, {"model": "sessions.session", "pk": "4chffzhnov6happdny77kl9t3yk831p1", "fields": {"session_data": ".eJxVjDsOwjAQBe_iGln-xbEp6TmDtbte4wBypDipEHeHSCmgfTPzXiLBtta0dV7SlMVZWCdOvyMCPbjtJN-h3WZJc1uXCeWuyIN2eZ0zPy-H-3dQoddvHTL7aOJQvLFKBVNoLNGSixq0V4oJPZWIhANyRgLvFBfSxkYKhkYS7w8OQTjJ:1m6CJi:FLvBTLbREfT00QaVQihU7ET_xCN0s3hdCHMav8xi4lI", "expire_date": "2021-08-04T13:31:18.395"}}, {"model": "sessions.session", "pk": "806yd39s1l0czlx3wzaoi75kbsjk9t9w", "fields": {"session_data": ".eJxVjEEOwiAQRe_C2pACQyku3XsGMsyAVA0kpV0Z765NutDtf-_9lwi4rSVsPS1hZnEWSpx-t4j0SHUHfMd6a5JaXZc5yl2RB-3y2jg9L4f7d1Cwl2_tzaRAI-XRTZDdwJoNO0QLGZxHnYCTJnKa7BidQe8t2SF7w8la5UG8P97WN7g:1lrO7T:H77lSDOTMLaQCbv6ujssCD4XqU8DkoRZ76GoZ_XO_2I", "expire_date": "2021-06-24T17:05:27.858"}}, {"model": "sessions.session", "pk": "9pd75zz2nepid4dhc4njswz783h3c2vg", "fields": {"session_data": ".eJxVjDsOwjAQBe_iGln-xbEp6TmDtbte4wBypDipEHeHSCmgfTPzXiLBtta0dV7SlMVZWCdOvyMCPbjtJN-h3WZJc1uXCeWuyIN2eZ0zPy-H-3dQoddvHTL7aOJQvLFKBVNoLNGSixq0V4oJPZWIhANyRgLvFBfSxkYKhkYS7w8OQTjJ:1lYtZ6:S1fGvylCT5i9pcM-63eJ7Alv81GwlDZIz6IoNNsoCfE", "expire_date": "2021-05-04T16:49:32.547"}}, {"model": "sessions.session", "pk": "9v6nwktipno211ob0ukd3koy0ithnxmo", "fields": {"session_data": "e30:1lGLGA:4UtkmWJZa1G0Ekp4r7wUCvKneUfQpQLumxVNELzA2HE", "expire_date": "2021-03-14T12:33:18.866"}}, {"model": "sessions.session", "pk": "bxy00doa1k1qwspjrdz77vyghiaaamvu", "fields": {"session_data": ".eJxVjEEOgjAQRe_StWmmTEeoS_ecgUxnikVNSSisjHdXEha6_e-9_zIDb2setpqWYVJzMejN6XeMLI9UdqJ3LrfZylzWZYp2V-xBq-1nTc_r4f4dZK75W0MM7EApAJAPDshJkkaDooCOjNJhywSui9oklfaMnkehNhJh50dv3h_9mTf0:1lJCAl:_N6RxctvMZMe8z-2WOlfLhcwdYb2jusL2vDYVPDh6G0", "expire_date": "2021-03-22T09:27:31.269"}}, {"model": "sessions.session", "pk": "dj4zn2lrqv39g8m6f4womq9e83ineh3s", "fields": {"session_data": ".eJxVjMEOwiAQRP-FsyGFUigevfcbyC7LStVAUtqT8d9tkx70Npn3Zt4iwLbmsLW0hJnEVShx-e0Q4jOVA9ADyr3KWMu6zCgPRZ60yalSet1O9-8gQ8v7Gu1oyYGzsetJ96jQs3GolNNGecuMQ2IwSet-z5TMAM4QGu78yJ5RfL7rQzie:1lHkG9:b8iHNG7--nveINdFBnx8XEJHCbCdWYqKTuQneK5myGw", "expire_date": "2021-03-18T09:27:05.585"}}, {"model": "sessions.session", "pk": "h0re9nniglwijzj4w8gw4nwj8nlksdn8", "fields": {"session_data": ".eJxVjEEOwiAQRe_C2pACQyku3XsGMsyAVA0kpV0Z765NutDtf-_9lwi4rSVsPS1hZnEWSpx-t4j0SHUHfMd6a5JaXZc5yl2RB-3y2jg9L4f7d1Cwl2_tzaRAI-XRTZDdwJoNO0QLGZxHnYCTJnKa7BidQe8t2SF7w8la5UG8P97WN7g:1lYD7F:A9nztgup1m6Vu6k_blZeWxU2RdbHm6BFcEPQtA4N950", "expire_date": "2021-05-02T19:29:57.417"}}, {"model": "sessions.session", "pk": "h2whbr87u6na7kbpedzj6sg0c2m7aqvw", "fields": {"session_data": ".eJxVjMEOwiAQRP-FsyGFUigevfcbyC7LStVAUtqT8d9tkx70Npn3Zt4iwLbmsLW0hJnEVShx-e0Q4jOVA9ADyr3KWMu6zCgPRZ60yalSet1O9-8gQ8v7Gu1oyYGzsetJ96jQs3GolNNGecuMQ2IwSet-z5TMAM4QGu78yJ5RfL7rQzie:1lT2Ny:3vH5-dl_GErPM-1InTy-4I9a6c0NunmFnLZ1D4mwDT0", "expire_date": "2021-04-18T13:01:50.064"}}, {"model": "sessions.session", "pk": "idz56iviu62sucut4abvigbi1781hypr", "fields": {"session_data": ".eJxVjE0OgjAUhO_StWmehRZw6d4zNO-vFjWQUFgZ725JWGhmNfPNzNtE3NYct6JLHMVcjHPm9BsS8lOnncgDp_tseZ7WZSS7V-xBi73Noq_r0f07yFhyXcOZ0VPfQkjM5IQVITQytEqehmqhIxXPqQqdaPIB-oGDFwDommA-X0YAOXQ:1lG51F:szmdDVTawl-PVeN0MQqdkiMxi4Erccgl3g9a5vBtLEs", "expire_date": "2021-03-13T19:12:49.645"}}, {"model": "sessions.session", "pk": "il3jtbnnznp2s58r5t7qoxtzl4x6w297", "fields": {"session_data": "e30:1lGLF5:h3w1ZmyaunjZvmLzZn8GQLBZQbSdAjZOgpAqhcvXZ1A", "expire_date": "2021-03-14T12:32:11.938"}}, {"model": "sessions.session", "pk": "ml2no29vf6r8cvj2n99jolv5efv90an8", "fields": {"session_data": ".eJxVjDsOwjAQBe_iGln-xbEp6TmDtbte4wBypDipEHeHSCmgfTPzXiLBtta0dV7SlMVZWCdOvyMCPbjtJN-h3WZJc1uXCeWuyIN2eZ0zPy-H-3dQoddvHTL7aOJQvLFKBVNoLNGSixq0V4oJPZWIhANyRgLvFBfSxkYKhkYS7w8OQTjJ:1leX1C:5Qf7m2bsXdaxzCkK-08tP8_mEUzBAAQqqhzQii9_O38", "expire_date": "2021-05-20T05:57:50.479"}}, {"model": "sessions.session", "pk": "pqt7z6jxgnfxqs74qexz62a031y8y7vz", "fields": {"session_data": ".eJxVjEEOwiAQRe_C2hCgHaAu3XsGMgOMVA0kpV0Z765NutDtf-_9lwi4rSVsPS9hTuIstDj9boTxkesO0h3rrcnY6rrMJHdFHrTLa0v5eTncv4OCvXxr5Rxk5Q0xRFJ-cBNozwYsglaMI8Aw6DEDkbfRGJfIThESOzaMEbV4fwDAHzeg:1l1wu6:dUN0mBXM78lwUhLxvKRwYXfg0QlKNwLk_aM5nOf3beY", "expire_date": "2021-02-02T19:43:02.287"}}, {"model": "sessions.session", "pk": "v10as0o1l7fj14sn57njqqycl9pfr725", "fields": {"session_data": "e30:1lGLLq:F3RgfeuQkcI51B-bSYU46k5X9B_9yfmAKEPhkTEXSHE", "expire_date": "2021-03-14T12:39:10.856"}}, {"model": "sessions.session", "pk": "vkdoez3wjbvxo0hn50cb794ozjpz6zv2", "fields": {"session_data": ".eJxVjEEOgjAQRe_StWmmTEeoS_ecgUxnikVNSSisjHdXEha6_e-9_zIDb2setpqWYVJzMejN6XeMLI9UdqJ3LrfZylzWZYp2V-xBq-1nTc_r4f4dZK75W0MM7EApAJAPDshJkkaDooCOjNJhywSui9oklfaMnkehNhJh50dv3h_9mTf0:1lT2X7:lPNKduvfysFqlNPVb2iwzXpZWJV-QRk_OeoTVTf_m1Y", "expire_date": "2021-04-18T13:11:17.630"}}, {"model": "sessions.session", "pk": "xx6s9m1qyl4v106ji0mfqrb4jewzi4q6", "fields": {"session_data": "e30:1lGLEa:VLsJCc7knwuDbD-Rg16ish-TPnjq6Vip8A9zpCE5xYo", "expire_date": "2021-03-14T12:31:40.676"}}, {"model": "main.thickness_board_model", "pk": 5, "fields": {"author": null, "date_created": "2021-01-28T18:36:06.958", "value0": "16", "value1": "15.9", "value2": "15.9", "value3": "15.9", "value4": "15.9", "value5": "15.9", "value6": "15.9", "value7": "15.9", "value8": "15.9"}}, {"model": "main.thickness_board_model", "pk": 6, "fields": {"author": null, "date_created": "2021-01-28T18:42:47.814", "value0": "19", "value1": "18.9", "value2": "18.9", "value3": "18.9", "value4": "18.9", "value5": "18.9", "value6": "18.9", "value7": "18.9", "value8": "18.9"}}, {"model": "main.thickness_board_model", "pk": 7, "fields": {"author": null, "date_created": "2021-02-04T18:07:22.876", "value0": "12", "value1": "11.9", "value2": "11.9", "value3": "11.9", "value4": "11.9", "value5": "11.9", "value6": "11.9", "value7": "11.9", "value8": "11.9"}}, {"model": "main.thickness_board_model", "pk": 8, "fields": {"author": null, "date_created": "2021-02-04T18:53:14.802", "value0": "19", "value1": "18.9", "value2": "18.9", "value3": "18.9", "value4": "18.9", "value5": "18.9", "value6": "18.9", "value7": "18.9", "value8": "18.9"}}, {"model": "main.thickness_board_model", "pk": 9, "fields": {"author": null, "date_created": "2021-02-05T19:53:41.013", "value0": "22", "value1": "21.9", "value2": "21.9", "value3": "21.9", "value4": "21.9", "value5": "21.9", "value6": "21.9", "value7": "21.9", "value8": "21.9"}}, {"model": "main.thickness_board_model", "pk": 16, "fields": {"author": null, "date_created": "2021-02-11T19:21:35.958", "value0": "16", "value1": "15.9", "value2": "15.9", "value3": "15.9", "value4": "15.9", "value5": "15.9", "value6": "15.9", "value7": "15.9", "value8": "15.9"}}, {"model": "main.thickness_board_model", "pk": 17, "fields": {"author": null, "date_created": "2021-02-19T15:47:35.887", "value0": "22", "value1": "21.9", "value2": "21.9", "value3": "21.9", "value4": "21.9", "value5": "21.9", "value6": "21.9", "value7": "21.9", "value8": "21.9"}}, {"model": "main.thickness_board_model", "pk": 22, "fields": {"author": null, "date_created": "2021-02-19T17:58:35.727", "value0": "12", "value1": "11.9", "value2": "11.9", "value3": "11.9", "value4": "11.9", "value5": "11.9", "value6": "11.9", "value7": "11.9", "value8": "11.9"}}, {"model": "main.thickness_board_model", "pk": 23, "fields": {"author": null, "date_created": "2021-02-20T16:50:45.223", "value0": "40", "value1": "23.9", "value2": "23.9", "value3": "23.9", "value4": "23.9", "value5": "23.9", "value6": "23.9", "value7": "23.9", "value8": "23.9"}}, {"model": "main.thickness_board_model", "pk": 24, "fields": {"author": null, "date_created": "2021-02-26T20:40:34.642", "value0": "12", "value1": "11,9", "value2": "11,9", "value3": "11,9", "value4": "11,9", "value5": "11,9", "value6": "11,9", "value7": "11,9", "value8": "11,9"}}, {"model": "main.thickness_board_model", "pk": 25, "fields": {"author": null, "date_created": "2021-02-26T20:43:06.553", "value0": "12", "value1": "1", "value2": "1", "value3": "1", "value4": "1", "value5": "11", "value6": "1", "value7": "1", "value8": "1"}}, {"model": "main.thickness_board_model", "pk": 27, "fields": {"author": null, "date_created": "2021-02-27T16:21:54.749", "value0": "12", "value1": "12", "value2": "12", "value3": "12", "value4": "12", "value5": "12", "value6": "12", "value7": "12", "value8": "12"}}, {"model": "main.thickness_board_model", "pk": 30, "fields": {"author": null, "date_created": "2021-02-27T16:53:42.772", "value0": "1", "value1": "1", "value2": "1", "value3": "1", "value4": "1", "value5": "11", "value6": "1", "value7": "1", "value8": "40"}}, {"model": "main.thickness_board_model", "pk": 31, "fields": {"author": null, "date_created": "2021-02-27T17:22:09.039", "value0": "1", "value1": "1", "value2": "1", "value3": "1", "value4": "1", "value5": "1", "value6": "1", "value7": "1", "value8": "30"}}, {"model": "main.thickness_board_model", "pk": 32, "fields": {"author": null, "date_created": "2021-02-27T17:32:36.980", "value0": "1", "value1": "1", "value2": "11", "value3": "1", "value4": "1", "value5": "1", "value6": "1", "value7": "1", "value8": "1"}}, {"model": "main.thickness_board_model", "pk": 35, "fields": {"author": 1, "date_created": "2021-02-27T18:22:59.150", "value0": "1", "value1": "1", "value2": "1", "value3": "1", "value4": "1", "value5": "1", "value6": "1", "value7": "11", "value8": "1"}}, {"model": "main.thickness_board_model", "pk": 36, "fields": {"author": 1, "date_created": "2021-02-27T18:29:32.906", "value0": "1", "value1": "1", "value2": "1", "value3": "11", "value4": "1", "value5": "1", "value6": "1", "value7": "11", "value8": "1"}}, {"model": "main.thickness_board_model", "pk": 37, "fields": {"author": 1, "date_created": "2021-02-27T19:12:38.409", "value0": "12", "value1": "12", "value2": "12", "value3": "12", "value4": "12", "value5": "12", "value6": "12", "value7": "12", "value8": "12"}}, {"model": "main.thickness_board_model", "pk": 41, "fields": {"author": 35, "date_created": "2021-03-07T14:56:20.622", "value0": "12", "value1": "12", "value2": "12", "value3": "12", "value4": "12", "value5": "12", "value6": "12", "value7": "12", "value8": "12"}}, {"model": "main.thickness_board_model", "pk": 42, "fields": {"author": 1, "date_created": "2021-03-23T13:38:20.197", "value0": "12", "value1": "11.9", "value2": "11.9", "value3": "11.9", "value4": "11.9", "value5": "11.9", "value6": "11.9", "value7": "11.9", "value8": "11.9"}}, {"model": "main.thickness_board_model", "pk": 43, "fields": {"author": 1, "date_created": "2021-03-23T13:50:57.115", "value0": "22", "value1": "22", "value2": "22", "value3": "22", "value4": "22", "value5": "22", "value6": "22", "value7": "22", "value8": "22"}}, {"model": "main.thickness_board_model", "pk": 44, "fields": {"author": 34, "date_created": "2021-03-23T14:36:45.941", "value0": "22", "value1": "12", "value2": "12", "value3": "12", "value4": "12", "value5": "12", "value6": "12", "value7": "12", "value8": "12"}}, {"model": "main.thickness_board_model", "pk": 46, "fields": {"author": 1, "date_created": "2021-03-23T16:46:11.074", "value0": "12", "value1": "12", "value2": "12", "value3": "12", "value4": "12", "value5": "12", "value6": "12", "value7": "12", "value8": "12"}}, {"model": "main.thickness_board_model", "pk": 48, "fields": {"author": 1, "date_created": "2021-04-04T14:18:58.753", "value0": "12", "value1": "11.9", "value2": "11.9", "value3": "11.9", "value4": "11.9", "value5": "11.9", "value6": "11.9", "value7": "11.9", "value8": "11.9"}}, {"model": "main.thickness_board_model", "pk": 49, "fields": {"author": 1, "date_created": "2021-04-09T16:40:37.734", "value0": "12", "value1": "11.9", "value2": "11.9", "value3": "11.9", "value4": "11.9", "value5": "11.9", "value6": "11.9", "value7": "11.9", "value8": "11.9"}}, {"model": "main.thickness_board_model", "pk": 60, "fields": {"author": 1, "date_created": "2021-07-21T13:26:35.140", "value0": "15", "value1": "15.9", "value2": "15.9", "value3": "15.9", "value4": "15.85", "value5": "15.9", "value6": "15.9", "value7": "15.9", "value8": "15.85"}}, {"model": "main.thickness_board_model", "pk": 61, "fields": {"author": 1, "date_created": "2021-07-21T13:27:04.149", "value0": "12", "value1": "12", "value2": "12", "value3": "12", "value4": "12", "value5": "12", "value6": "12", "value7": "12", "value8": "12"}}, {"model": "main.thickness_board_model", "pk": 62, "fields": {"author": 34, "date_created": "2021-07-21T13:28:55.506", "value0": "12", "value1": "15.85", "value2": "15.85", "value3": "15.85", "value4": "15.85", "value5": "15.85", "value6": "15.85", "value7": "15.85", "value8": "15.85"}}, {"model": "main.thickness_board_model", "pk": 63, "fields": {"author": 34, "date_created": "2021-07-21T13:31:40.817", "value0": "1", "value1": "1", "value2": "1", "value3": "1", "value4": "1", "value5": "1", "value6": "1", "value7": "1", "value8": "1"}}, {"model": "main.thickness_board_model", "pk": 64, "fields": {"author": 34, "date_created": "2021-07-21T13:34:05.384", "value0": "2", "value1": "2", "value2": "2", "value3": "2", "value4": "2", "value5": "2", "value6": "2", "value7": "22", "value8": "2"}}, {"model": "main.thickness_pack_board_model", "pk": 9, "fields": {"author": 1, "date_created": "2021-04-28T16:46:01.170", "value0": "22", "value1": "567", "value2": "567", "value3": "567", "value4": "567", "value5": "567", "value6": "567", "value7": "567", "value8": "567", "value9": "567", "value10": "567", "value11": "567", "value12": "567", "value13": "567", "value14": "567", "value15": "567", "value16": "567", "value17": "567", "value18": "567", "value19": "567", "value20": "567", "value21": "567", "value22": "567"}}, {"model": "main.thickness_pack_board_model", "pk": 10, "fields": {"author": 1, "date_created": "2021-05-02T09:33:32.691", "value0": "16", "value1": "571", "value2": "571", "value3": "571", "value4": "571", "value5": "571", "value6": "571", "value7": "571", "value8": "571", "value9": "571", "value10": "571", "value11": "571", "value12": "571", "value13": "571", "value14": "571", "value15": "571", "value16": "571", "value17": "571", "value18": "571", "value19": "571", "value20": "571", "value21": "571", "value22": "571"}}, {"model": "main.thickness_unpolished_pack_board_model", "pk": 3, "fields": {"author": 1, "date_created": "2021-07-13T08:12:49.667", "value0": "16", "value1": "16,4", "value2": "46", "value3": "750", "value4": "750", "value5": "750", "value6": "750", "value7": "750", "value8": "750", "value9": "750", "value10": "750", "value11": "750", "value12": "750", "value13": "750", "value14": "750", "value15": "750", "value16": "750", "value17": "750", "value18": "750", "value19": "750", "value20": "750", "value21": "750", "value22": "750", "value23": "750", "value24": "750"}}, {"model": "main.thickness_unpolished_board_model", "pk": 1, "fields": {"author": 1, "date_created": "2021-04-16T17:01:23.498", "value0": "12", "value1": "12.5", "value2": "12.5", "value3": "12.5", "value4": "12.5", "value5": "12.5"}}, {"model": "main.cleaning_press_tape_model", "pk": 1, "fields": {"author": 1, "date_created": "2021-07-13T09:56:07.108", "value0": "Чистая", "value1": "Чистая", "value2": "Чистая", "value3": "Чистая", "value4": "Чистая", "value5": "Чистая"}}, {"model": "main.cleaning_press_tape_model", "pk": 2, "fields": {"author": 1, "date_created": "2021-07-13T10:08:42.371", "value0": "Чистая", "value1": "Чистая", "value2": "Чистая", "value3": "Очистка", "value4": "Чистая", "value5": "Чистая"}}, {"model": "main.cleaning_press_tape_model", "pk": 3, "fields": {"author": 1, "date_created": "2021-07-13T10:11:54.710", "value0": "Очистка", "value1": "Очистка", "value2": "Грязная", "value3": "Чистая", "value4": "Чистая", "value5": "Чистая"}}, {"model": "main.cleaning_press_tape_model", "pk": 4, "fields": {"author": 1, "date_created": "2021-07-13T17:28:58.863", "value0": "Чистая", "value1": "Очистка", "value2": "Очистка", "value3": "Чистая", "value4": "Грязная", "value5": "Чистая"}}, {"model": "main.cleaning_press_tape_model", "pk": 5, "fields": {"author": 1, "date_created": "2021-07-30T12:23:48.246", "value0": "Чистая", "value1": "Чистая", "value2": "Чистая", "value3": "Очистка", "value4": "Грязная", "value5": "Чистая"}}, {"model": "main.sizes_unpolished_board_model", "pk": 1, "fields": {"author": 1, "date_created": "2021-07-13T09:00:06.528", "value0": "16", "value1": "2070", "value2": "3102", "value3": "3102", "value4": "1"}}, {"model": "main.number_tapes_model", "pk": 1, "fields": {"author": 1, "date_created": "2021-04-28T16:42:51.135", "date_update": "2021-05-02T09:53:55.468", "number_1_1_choices": "P 50", "number_1_1_choices2": "Combi", "value0": "100 тыс", "number_1_2_choices": "P 50", "number_1_2_choices2": "Combi", "value1": "100 тыс", "number_2_1_choices": "P 80", "number_2_1_choices2": "Combi", "liner_2_1_choices": "Foam", "value2": "100 тыс", "number_2_2_choices": "P 80", "number_2_2_choices2": "Combi", "liner_2_2_choices": "Foam", "value3": "100 тыс", "number_2_3_choices": "P 120", "number_2_3_choices2": "Combi", "liner_2_3_choices": "Foam", "value4": "100 тыс", "number_2_4_choices": "P 120", "number_2_4_choices2": "Combi", "liner_2_4_choices": "Foam", "value5": "100 тыс"}}, {"model": "main.number_tapes_model", "pk": 2, "fields": {"author": 1, "date_created": "2021-05-01T15:35:43.954", "date_update": "2021-05-01T15:35:59.758", "number_1_1_choices": "P 50", "number_1_1_choices2": "Combi", "value0": "50 000", "number_1_2_choices": "", "number_1_2_choices2": "", "value1": "", "number_2_1_choices": "", "number_2_1_choices2": "", "liner_2_1_choices": "", "value2": "", "number_2_2_choices": "", "number_2_2_choices2": "", "liner_2_2_choices": "", "value3": "", "number_2_3_choices": "", "number_2_3_choices2": "", "liner_2_3_choices": "", "value4": "", "number_2_4_choices": "", "number_2_4_choices2": "", "liner_2_4_choices": "", "value5": ""}}, {"model": "main.number_tapes_model", "pk": 3, "fields": {"author": 1, "date_created": "2021-05-02T09:50:42.551", "date_update": "2021-06-10T17:06:15.244", "number_1_1_choices": "", "number_1_1_choices2": "", "value0": "", "number_1_2_choices": "", "number_1_2_choices2": "", "value1": "", "number_2_1_choices": "P 80", "number_2_1_choices2": "Combi", "liner_2_1_choices": "Foam", "value2": "4", "number_2_2_choices": "P 80", "number_2_2_choices2": "Combi", "liner_2_2_choices": "Foam", "value3": "", "number_2_3_choices": "", "number_2_3_choices2": "", "liner_2_3_choices": "", "value4": "", "number_2_4_choices": "", "number_2_4_choices2": "", "liner_2_4_choices": "", "value5": ""}}, {"model": "main.number_tapes_model", "pk": 4, "fields": {"author": 34, "date_created": "2021-06-08T09:27:55.129", "date_update": "2021-06-08T09:27:55.140", "number_1_1_choices": "P 50", "number_1_1_choices2": "Combi", "value0": "100 тыс", "number_1_2_choices": "", "number_1_2_choices2": "", "value1": "", "number_2_1_choices": "", "number_2_1_choices2": "", "liner_2_1_choices": "", "value2": "", "number_2_2_choices": "", "number_2_2_choices2": "", "liner_2_2_choices": "", "value3": "", "number_2_3_choices": "", "number_2_3_choices2": "", "liner_2_3_choices": "", "value4": "", "number_2_4_choices": "", "number_2_4_choices2": "", "liner_2_4_choices": "", "value5": ""}}, {"model": "main.number_tapes_model", "pk": 5, "fields": {"author": 34, "date_created": "2021-06-08T09:28:59.085", "date_update": "2021-06-08T09:28:59.092", "number_1_1_choices": "P 50", "number_1_1_choices2": "Combi", "value0": "1", "number_1_2_choices": "", "number_1_2_choices2": "", "value1": "", "number_2_1_choices": "", "number_2_1_choices2": "", "liner_2_1_choices": "", "value2": "", "number_2_2_choices": "", "number_2_2_choices2": "", "liner_2_2_choices": "", "value3": "", "number_2_3_choices": "", "number_2_3_choices2": "", "liner_2_3_choices": "", "value4": "", "number_2_4_choices": "", "number_2_4_choices2": "", "liner_2_4_choices": "", "value5": ""}}, {"model": "main.number_tapes_model", "pk": 6, "fields": {"author": 34, "date_created": "2021-06-08T10:03:54.497", "date_update": "2021-06-10T16:47:11.200", "number_1_1_choices": "P 50", "number_1_1_choices2": "Combi", "value0": "500", "number_1_2_choices": "P 50", "number_1_2_choices2": "Combi", "value1": "", "number_2_1_choices": "P 50", "number_2_1_choices2": "", "liner_2_1_choices": "", "value2": "", "number_2_2_choices": "", "number_2_2_choices2": "", "liner_2_2_choices": "", "value3": "", "number_2_3_choices": "", "number_2_3_choices2": "", "liner_2_3_choices": "", "value4": "", "number_2_4_choices": "", "number_2_4_choices2": "", "liner_2_4_choices": "", "value5": ""}}, {"model": "main.number_tapes_model", "pk": 8, "fields": {"author": 1, "date_created": "2021-07-30T12:19:36.369", "date_update": "2021-07-30T12:19:36.395", "number_1_1_choices": "P 50", "number_1_1_choices2": "Combi", "value0": "", "number_1_2_choices": "P 50", "number_1_2_choices2": "Combi", "value1": "", "number_2_1_choices": "P 80", "number_2_1_choices2": "Combi", "liner_2_1_choices": "Foam", "value2": "", "number_2_2_choices": "P 80", "number_2_2_choices2": "Combi", "liner_2_2_choices": "Foam", "value3": "", "number_2_3_choices": "P 120", "number_2_3_choices2": "Combi", "liner_2_3_choices": "Foam", "value4": "", "number_2_4_choices": "P 120", "number_2_4_choices2": "Combi", "liner_2_4_choices": "Foam", "value5": ""}}, {"model": "main.lab_board_model", "pk": 4, "fields": {"author": 1, "date_created": "2021-04-24", "number_shift": "2", "number_path": "2", "value0": "625", "value1": "12", "value2": "2800", "value3": "1", "value4": null}}, {"model": "main.lab_board_model", "pk": 5, "fields": {"author": 1, "date_created": "2021-04-11", "number_shift": "1", "number_path": "2", "value0": "12", "value1": "11", "value2": "2", "value3": "1", "value4": ""}}, {"model": "main.lab_board_model", "pk": 6, "fields": {"author": 1, "date_created": "2021-04-24", "number_shift": "2", "number_path": "2", "value0": "12", "value1": "11", "value2": "1", "value3": "1", "value4": null}}, {"model": "main.lab_board_model", "pk": 7, "fields": {"author": 1, "date_created": "2021-04-24", "number_shift": "1", "number_path": "1", "value0": "1", "value1": "1", "value2": "1", "value3": "1", "value4": null}}, {"model": "main.lab_board_model", "pk": 8, "fields": {"author": 1, "date_created": "2021-01-24", "number_shift": "1", "number_path": "1", "value0": "21", "value1": "12", "value2": "2222", "value3": "1", "value4": null}}, {"model": "main.lab_board_model", "pk": 9, "fields": {"author": 1, "date_created": "2021-04-24", "number_shift": "1", "number_path": "1", "value0": "1", "value1": "1", "value2": "1", "value3": "1", "value4": null}}, {"model": "main.lab_board_model", "pk": 10, "fields": {"author": 1, "date_created": "2021-04-24", "number_shift": "1", "number_path": "1", "value0": "10", "value1": "15", "value2": "2800", "value3": "1", "value4": null}}, {"model": "main.press_sap_model", "pk": 3, "fields": {"author": 1, "date_created": "2021-07-14T00:00:00", "name_form1": true, "name_form2": false, "name_form3": false, "name_form4": false, "name_form5": false, "name_form6": false, "name_form7": false, "name_form8": false, "name_form9": false, "name_form10": false, "name_form11": false, "name_form12": false, "name_form13": false, "name_form14": false, "name_form15": false, "name_form16": false, "name_form17": false, "name_form18": false, "name_form19": false, "name_form20": false, "name_form21": false, "name_form22": false, "name_form23": false, "name_form24": false, "name_form25": false, "name_form26": false, "name_form27": false, "name_form28": false, "name_form29": false, "name_form30": false, "name_form31": false, "name_form32": false, "name_form33": false, "name_form34": false, "name_form35": false}}, {"model": "main.press_sap_model", "pk": 4, "fields": {"author": 1, "date_created": "2021-07-14T09:17:04.720", "name_form1": false, "name_form2": true, "name_form3": true, "name_form4": true, "name_form5": true, "name_form6": false, "name_form7": false, "name_form8": true, "name_form9": true, "name_form10": true, "name_form11": true, "name_form12": false, "name_form13": true, "name_form14": true, "name_form15": true, "name_form16": true, "name_form17": false, "name_form18": true, "name_form19": true, "name_form20": true, "name_form21": true, "name_form22": true, "name_form23": true, "name_form24": true, "name_form25": true, "name_form26": false, "name_form27": false, "name_form28": true, "name_form29": true, "name_form30": true, "name_form31": false, "name_form32": false, "name_form33": true, "name_form34": false, "name_form35": false}}, {"model": "main.press_sap_model", "pk": 5, "fields": {"author": 1, "date_created": "2021-07-14T09:19:37.891", "name_form1": true, "name_form2": true, "name_form3": true, "name_form4": true, "name_form5": true, "name_form6": true, "name_form7": true, "name_form8": true, "name_form9": true, "name_form10": true, "name_form11": true, "name_form12": false, "name_form13": true, "name_form14": true, "name_form15": true, "name_form16": true, "name_form17": false, "name_form18": true, "name_form19": true, "name_form20": true, "name_form21": true, "name_form22": true, "name_form23": true, "name_form24": true, "name_form25": true, "name_form26": false, "name_form27": false, "name_form28": true, "name_form29": true, "name_form30": true, "name_form31": false, "name_form32": false, "name_form33": true, "name_form34": false, "name_form35": false}}, {"model": "main.press_sap_model", "pk": 8, "fields": {"author": 1, "date_created": "2021-07-16T20:06:39.162", "name_form1": false, "name_form2": false, "name_form3": false, "name_form4": true, "name_form5": true, "name_form6": true, "name_form7": true, "name_form8": true, "name_form9": false, "name_form10": false, "name_form11": false, "name_form12": false, "name_form13": true, "name_form14": true, "name_form15": false, "name_form16": false, "name_form17": false, "name_form18": false, "name_form19": false, "name_form20": false, "name_form21": false, "name_form22": false, "name_form23": false, "name_form24": false, "name_form25": false, "name_form26": false, "name_form27": false, "name_form28": false, "name_form29": false, "name_form30": false, "name_form31": false, "name_form32": false, "name_form33": false, "name_form34": false, "name_form35": false}}, {"model": "main.press_sap_model", "pk": 9, "fields": {"author": 1, "date_created": "2021-07-16T20:21:58.061", "name_form1": true, "name_form2": false, "name_form3": false, "name_form4": false, "name_form5": false, "name_form6": false, "name_form7": false, "name_form8": false, "name_form9": false, "name_form10": false, "name_form11": false, "name_form12": false, "name_form13": false, "name_form14": false, "name_form15": false, "name_form16": false, "name_form17": false, "name_form18": false, "name_form19": false, "name_form20": false, "name_form21": false, "name_form22": false, "name_form23": false, "name_form24": false, "name_form25": false, "name_form26": false, "name_form27": false, "name_form28": false, "name_form29": false, "name_form30": false, "name_form31": false, "name_form32": false, "name_form33": false, "name_form34": false, "name_form35": false}}, {"model": "main.press_sap_model", "pk": 10, "fields": {"author": 1, "date_created": "2021-07-21T13:11:34.363", "name_form1": true, "name_form2": false, "name_form3": true, "name_form4": true, "name_form5": true, "name_form6": true, "name_form7": true, "name_form8": true, "name_form9": true, "name_form10": false, "name_form11": false, "name_form12": false, "name_form13": false, "name_form14": false, "name_form15": false, "name_form16": false, "name_form17": true, "name_form18": true, "name_form19": true, "name_form20": true, "name_form21": false, "name_form22": false, "name_form23": false, "name_form24": false, "name_form25": false, "name_form26": false, "name_form27": false, "name_form28": false, "name_form29": true, "name_form30": true, "name_form31": true, "name_form32": true, "name_form33": true, "name_form34": true, "name_form35": false}}, {"model": "account.customer", "pk": 1, "fields": {"name": "operator_shlifovka1", "email": "griff_@mail.ru", "date_created": "2021-01-24T15:46:58.503"}}, {"model": "account.profileusermodel", "pk": 1, "fields": {"user": 1, "value2": "Смена 4", "value3": "All"}}, {"model": "account.profileusermodel", "pk": 34, "fields": {"user": 34, "value2": "Смена 4", "value3": "Шлифовка"}}, {"model": "account.profileusermodel", "pk": 35, "fields": {"user": 35, "value2": "1", "value3": "Распиловка"}}, {"model": "account.profileusermodel", "pk": 36, "fields": {"user": 36, "value2": null, "value3": null}}, {"model": "account.add_new_worker_shift", "pk": 2, "fields": {"fio": "Дмитрачков А.Ю.", "role_choices": "Начальник смены", "date_created": "2021-01-24T16:10:55.274"}}, {"model": "account.add_new_worker_shift", "pk": 3, "fields": {"fio": "Грибовский А.В.", "role_choices": "Начальник смены", "date_created": "2021-01-24T16:11:30.124"}}]